"mapa","arquivo","url","baixado","data"
"casallanovo2026_mata_atlantica","13750_2026_390_MOESM1_ESM.pdf","https://media.springernature.com/original/springer-static/esm/art%3A10.1186%2Fs13750-026-00390-z/MediaObjects/13750_2026_390_MOESM1_ESM.pdf",TRUE,"2026-09-25"
"casallanovo2026_mata_atlantica","13750_2026_390_MOESM2_ESM.docx","https://media.springernature.com/original/springer-static/esm/art%3A10.1186%2Fs13750-026-00390-z/MediaObjects/13750_2026_390_MOESM2_ESM.docx",TRUE,"2026-09-25"
"casallanovo2026_mata_atlantica","13750_2026_390_MOESM3_ESM.xlsx","https://media.springernature.com/original/springer-static/esm/art%3A10.1186%2Fs13750-026-00390-z/MediaObjects/13750_2026_390_MOESM3_ESM.xlsx",TRUE,"2026-09-25"
"casallanovo2026_mata_atlantica","13750_2026_390_MOESM4_ESM.xlsx","https://media.springernature.com/original/springer-static/esm/art%3A10.1186%2Fs13750-026-00390-z/MediaObjects/13750_2026_390_MOESM4_ESM.xlsx",TRUE,"2026-09-25"
"casallanovo2026_mata_atlantica","13750_2026_390_MOESM5_ESM.xlsx","https://media.springernature.com/original/springer-static/esm/art%3A10.1186%2Fs13750-026-00390-z/MediaObjects/13750_2026_390_MOESM5_ESM.xlsx",TRUE,"2026-09-25"
"casallanovo2026_mata_atlantica","13750_2026_390_MOESM6_ESM.docx","https://media.springernature.com/original/springer-static/esm/art%3A10.1186%2Fs13750-026-00390-z/MediaObjects/13750_2026_390_MOESM6_ESM.docx",TRUE,"2026-09-25"
"casallanovo2026_mata_atlantica","13750_2026_390_MOESM7_ESM.xlsx","https://media.springernature.com/original/springer-static/esm/art%3A10.1186%2Fs13750-026-00390-z/MediaObjects/13750_2026_390_MOESM7_ESM.xlsx",TRUE,"2026-09-25"
"adams2021_luz_artificial","13750_2021_246_MOESM1_ESM.pdf","https://media.springernature.com/original/springer-static/esm/art%3A10.1186%2Fs13750-021-00246-8/MediaObjects/13750_2021_246_MOESM1_ESM.pdf",TRUE,"2026-09-25"
"adams2021_luz_artificial","13750_2021_246_MOESM2_ESM.docx","https://media.springernature.com/original/springer-static/esm/art%3A10.1186%2Fs13750-021-00246-8/MediaObjects/13750_2021_246_MOESM2_ESM.docx",TRUE,"2026-09-25"
"adams2021_luz_artificial","13750_2021_246_MOESM3_ESM.zip","https://media.springernature.com/original/springer-static/esm/art%3A10.1186%2Fs13750-021-00246-8/MediaObjects/13750_2021_246_MOESM3_ESM.zip",TRUE,"2026-09-25"
"adams2021_luz_artificial","13750_2021_246_MOESM4_ESM.xlsx","https://media.springernature.com/original/springer-static/esm/art%3A10.1186%2Fs13750-021-00246-8/MediaObjects/13750_2021_246_MOESM4_ESM.xlsx",TRUE,"2026-09-25"
"adams2021_luz_artificial","13750_2021_246_MOESM5_ESM.xlsx","https://media.springernature.com/original/springer-static/esm/art%3A10.1186%2Fs13750-021-00246-8/MediaObjects/13750_2021_246_MOESM5_ESM.xlsx",TRUE,"2026-09-25"
"adams2021_luz_artificial","13750_2021_246_MOESM6_ESM.csv","https://media.springernature.com/original/springer-static/esm/art%3A10.1186%2Fs13750-021-00246-8/MediaObjects/13750_2021_246_MOESM6_ESM.csv",TRUE,"2026-09-25"
"adams2021_luz_artificial","13750_2021_246_MOESM7_ESM.xlsx","https://media.springernature.com/original/springer-static/esm/art%3A10.1186%2Fs13750-021-00246-8/MediaObjects/13750_2021_246_MOESM7_ESM.xlsx",TRUE,"2026-09-25"
"adams2021_luz_artificial","13750_2021_246_MOESM8_ESM.docx","https://media.springernature.com/original/springer-static/esm/art%3A10.1186%2Fs13750-021-00246-8/MediaObjects/13750_2021_246_MOESM8_ESM.docx",TRUE,"2026-09-25"
"adams2021_luz_artificial","13750_2021_246_MOESM9_ESM.xlsx","https://media.springernature.com/original/springer-static/esm/art%3A10.1186%2Fs13750-021-00246-8/MediaObjects/13750_2021_246_MOESM9_ESM.xlsx",TRUE,"2026-09-25"
"adams2021_luz_artificial","13750_2021_246_MOESM10_ESM.xlsx","https://media.springernature.com/original/springer-static/esm/art%3A10.1186%2Fs13750-021-00246-8/MediaObjects/13750_2021_246_MOESM10_ESM.xlsx",TRUE,"2026-09-25"
"adams2021_luz_artificial","13750_2021_246_MOESM11_ESM.xlsx","https://media.springernature.com/original/springer-static/esm/art%3A10.1186%2Fs13750-021-00246-8/MediaObjects/13750_2021_246_MOESM11_ESM.xlsx",TRUE,"2026-09-25"
"adams2021_luz_artificial","13750_2021_246_MOESM12_ESM.docx","https://media.springernature.com/original/springer-static/esm/art%3A10.1186%2Fs13750-021-00246-8/MediaObjects/13750_2021_246_MOESM12_ESM.docx",TRUE,"2026-09-25"
"adams2021_luz_artificial","13750_2021_246_MOESM13_ESM.accdb","https://media.springernature.com/original/springer-static/esm/art%3A10.1186%2Fs13750-021-00246-8/MediaObjects/13750_2021_246_MOESM13_ESM.accdb",TRUE,"2026-09-25"
"adams2021_luz_artificial","13750_2021_246_MOESM15_ESM.xlsx","https://media.springernature.com/original/springer-static/esm/art%3A10.1186%2Fs13750-021-00246-8/MediaObjects/13750_2021_246_MOESM15_ESM.xlsx",TRUE,"2026-09-25"
"adams2021_luz_artificial","13750_2021_246_MOESM16_ESM.docx","https://media.springernature.com/original/springer-static/esm/art%3A10.1186%2Fs13750-021-00246-8/MediaObjects/13750_2021_246_MOESM16_ESM.docx",TRUE,"2026-09-25"
